M0805	0.2387603	-0.726327 	18
M1315	0.0002735836	-3.631056 	68
M0169	0.08769717	-1.486742 	9
M0980	0.6867413	0.4894332 	55
M1246	4.094562e-05	-4.157442 	79
M0474	0.03377549	-2.113059 	9
M0724	0.9988367	3.055836 	726
M0013	7.94643e-07	-5.050872 	121
M1362	0.9968501	2.74965 	326
M0232	0.03780966	-1.795928 	98
M1100	0.6400046	0.3732756 	8
M0324	4.90282e-09	-6.062669 	156
M0224	0.4865861	-0.03469614 	9
M1069	0.04127078	-1.740104 	440
M0808	0.3199694	-0.4715577 	39
M0360	0.7630348	0.7204912 	63
M0741	0.02183893	-2.050469 	79
M0995	9.113935e-05	-4.049562 	50
M0301	0.09874423	-1.295692 	125
M0687	0.3686843	-0.3362472 	104
M0616	0.2492734	-0.677222 	557
M1009	0.007986337	-2.894895 	11
M1317	0.8107754	0.881657 	436
M1079	0.2760527	-0.6206366 	9
M0422	0.0003048957	-3.553995 	90
M0399	0.05134303	-1.816411 	10
M1208	0.08074726	-1.402189 	489
M0496	0.2519927	-0.6687601 	459
M0853	0.002503433	-3.173111 	20
M0794	0.0315499	-1.886116 	77
M1112	0.4405615	-0.1497763 	167
M0071	0.03364851	-1.84655 	120
M0151	0.9325532	1.613674 	12
M1368	0.3498815	-0.3899318 	27
M0700	0.4405399	-0.1498779 	139
M0336	0.007491471	-3.634926 	6
M0462	0.5	0 	11
M0532	0.9127098	1.360793 	307
M1414	0.03796399	-1.78932 	129
M0991	2.151693e-09	-7.886376 	34
M1002	0.04252096	-1.737673 	112
M0419	0.1527947	-1.028424 	136
M0233	9.370228e-07	-5.008389 	123
M0623	0.002497506	-2.911322 	63
M0417	0.09090629	-1.363957 	34
M0996	0.001996788	-3.83556 	10
M1344	0.5275761	0.06923503 	307
M0725	0.2953343	-0.5381267 	670
M0454	0.3125026	-0.4977966 	18
M1371	0.01409333	-2.757764 	8
M0219	2.828e-06	-4.706394 	152
M0994	0.4629989	-0.0937865 	27
M1353	0.0008230283	-3.233005 	104
M1027	0.2118276	-0.8007372 	513
M0141	0.1822671	-0.9229216 	27
M1272	0.00166912	-2.980306 	158
M1229	0.4436719	-0.1417653 	365
M1295	6.340824e-10	-6.746972 	94
M0599	0.007114976	-2.569567 	39
M0199	0.970296	1.897649 	174
M0367	0.06616491	-1.512647 	162
M0783	0.01941854	-2.107308 	68
M1110	0.9222837	1.423234 	409
M0273	0.1010097	-1.376238 	10
M1016	0.4095657	-0.2287529 	665
M0944	0.05409434	-1.625038 	79
M1008	0.05644086	-1.812012 	8
M0364	0.1974944	-0.85367 	121
M0609	0.5768158	0.1938224 	738
M1171	0.7813523	0.7966874 	17
M0948	5.93699e-05	-4.020608 	93
M0810	6.336849e-05	-4.124294 	56
M0446	0.873691	1.146075 	322
M1415	0.7950944	0.8644068 	10
M1404	0.07928565	-1.422544 	85
M0742	0.0007427913	-3.227433 	180
M1401	0.002985334	-3.028894 	24
M1005	0.003259086	-3.234636 	14
M1228	0.3314531	-0.4361449 	540
M0288	0.01956934	-2.117221 	52
M1357	9.592838e-07	-5.015975 	117
M1052	0.06686784	-1.51595 	76
M0001	0.1319633	-1.232317 	7
M0065	4.501192e-05	-4.39398 	38
M0540	0.98139	2.102302 	149
M0083	0.005895612	-2.527032 	534
M1222	0.5076367	0.01974978 	9
M0029	4.964521e-05	-5.137452 	17
M0167	0.0003215266	-4.004314 	22
M0157	0.1066528	-1.293005 	18
M0797	0.6988647	0.5226476 	111
M0498	0.6803699	0.4737006 	30
M1175	0.002568598	-2.864051 	97
M0581	0.1724857	-0.9471027 	166
M0344	0.0004339915	-3.482 	70
M0629	0.0008263456	-3.205772 	148
M1416	0.9655703	1.904791 	25
M0720	0.0003628649	-3.501414 	90
M1375	0.03537633	-1.825781 	105
M1421	0.04293195	-1.731765 	122
M0130	5.728726e-08	-5.98049 	64
M0274	0.2990309	-0.5298319 	65
M0385	0.6756017	0.4580393 	54
M0377	0.00289794	-2.856487 	64
M0884	0.3293283	-0.4428437 	124
M0754	0.2507009	-0.6744139 	116
M0188	0.6095183	0.2875987 	9
M0362	1.470214e-06	-4.881921 	135
M0110	0.2946343	-0.5432651 	53
M0220	0.8328666	0.9783262 	38
M0531	0.8502971	1.048822 	50
M0523	0.1011303	-1.284948 	87
M1138	0.04032745	-1.76442 	103
M1238	0.5966306	0.2469629 	29
M0432	0.09532051	-1.32187 	69
M1029	0.0223803	-2.134382 	22
M0427	5.716369e-05	-3.995394 	116
M0671	0.104848	-1.262063 	107
M1172	0.4217207	-0.204008 	9
M1379	0.8677449	1.199883 	9
M0976	3.976813e-05	-4.171663 	77
M1206	0.001448829	-3.301054 	26
M1007	0.008687293	-2.398539 	202
M0953	0.4192086	-0.2045443 	86
M1120	0.03398184	-2.045983 	11
M1035	0.517946	0.04519378 	59
M1196	0.7799151	0.7738727 	158
M0276	0.9214443	1.484494 	17
M1343	0.9419055	1.655381 	18
M1178	7.311406e-08	-5.460874 	192
M1086	0.002968884	-2.799111 	126
M0847	0.4261835	-0.1893368 	16
M1149	6.640134e-08	-6.461517 	39
M0999	0.08344121	-1.423745 	26
M0176	0.01485546	-2.286547 	30
M0066	0.7869567	0.8181345 	16
M0527	0.3937763	-0.269751 	278
M0303	0.5950912	0.2465228 	12
M0871	0.9849853	2.713895 	8
M1121	0.03288651	-1.864297 	85
M1391	0.7115562	0.5667567 	22
M0924	0.3083444	-0.5029285 	67
M1049	0.9554532	1.864784 	12
M0554	0.3036402	-0.5305954 	11
M0997	0.9755154	2.12055 	18
M1236	0.3098682	-0.5054451 	18
M0643	0.2951127	-0.5396849 	149
M0480	0.8611381	1.123686 	17
M1216	0.071607	-1.495698 	38
M0734	1.553796e-05	-5.72882 	17
M0495	0.9863619	2.344873 	26
M0254	0.9803771	2.146877 	34
M0966	0.6203499	0.3075049 	77
M1377	0.0164802	-2.203556 	44
M0645	0.1635903	-1.001131 	24
M0080	0.04508687	-1.725999 	54
M1243	0.769779	0.7424616 	67
M0903	0.7582243	0.7138777 	21
M0374	0.9298772	1.663086 	8
M0753	0.02648325	-1.964313 	81
M0686	0.005099807	-2.597329 	175
M0902	0.008497682	-2.420555 	121
M0717	0.05917987	-1.581695 	69
M0457	0.03724852	-1.799625 	118
M0663	0.1846833	-0.9014995 	107
M0405	2.087592e-06	-4.898527 	92
M0718	0.1067796	-1.351328 	9
M0835	0.05563078	-1.765682 	10
M0556	0.1377662	-1.090839 	1392
M1103	0.9734947	1.948188 	174
M1254	0.7307143	0.6257245 	21
M0493	0.4794689	-0.05194943 	29
M0293	0.8760385	1.209728 	14
M0614	0.7816018	0.8137335 	10
M0257	0.6667094	0.4472136 	9
M0490	0.297132	-0.5547002 	9
M0135	0.04716468	-1.702386 	56
M0392	0.1226445	-1.169336 	93
M0940	0.6946278	0.5120484 	54
M0228	0.009329716	-2.433231 	50
M0543	0.0006354397	-3.3457 	78
M1267	5.302902e-05	-4.05385 	92
M0923	0.001631008	-3.015271 	100
M0982	0.007997094	-2.501344 	47
M0962	0.006069423	-2.613672 	46
M0638	0.1059665	-1.303872 	16
M0088	0.4813652	-0.04688383 	76
M0815	0.000164532	-3.727038 	96
M1264	0.328129	-0.4547538 	15
M1143	0.7533058	0.6882538 	77
M1302	0.01266255	-2.261913 	134
M0529	0.009760876	-2.777874 	11
M0662	0.8444905	1.07342 	10
M0776	0.3341605	-0.4311064 	49
M1399	0.6089318	0.2892336 	7
M1398	0.6072349	0.2726007 	153
M0152	0.0009433297	-3.170923 	134
M1406	4.801603e-05	-4.138356 	71
M0771	0.3178638	-0.4783926 	32
M0158	0.04835718	-1.711245 	33
M0270	0.1514853	-1.046422 	34
M0950	0.0616593	-1.569787 	47
M0045	0.04421232	-1.779216 	24
M0601	0.1269616	-1.166696 	27
M0067	0.4221003	-0.1966466 	415
M0824	0.004169888	-2.796298 	36
M0550	0.08843799	-1.368328 	55
M1310	0.02015645	-2.082392 	86
M1073	0.9726385	2.248175 	9
M0123	0.3216616	-0.46451 	98
M0600	0.99	1	11
M0553	0.7802121	0.7771021 	75
M1162	0.02739504	-1.983324 	38
M0265	0.007745801	-2.537989 	38
M0651	0.2064227	-0.8267402 	45
M0391	0.6818034	0.4913226 	9
M0212	0.03102282	-1.933631 	33
M1225	0.9043199	1.341496 	27
M0024	0.4666137	-0.08484608 	21
M0892	0.08302162	-1.418422 	32
M0788	3.431147e-06	-4.971179 	56
M0839	0.01831197	-2.50555 	9
M1101	0.5907912	0.2308704 	48
M0893	0.2051214	-0.8313896 	45
M0693	0.3183807	-0.4763842 	36
M1063	0.09441403	-1.343608 	32
M0062	2.505249e-05	-4.414526 	54
M0355	0.4075894	-0.2340332 	219
M1024	0.5815902	0.206319 	152
M0843	0.1043216	-1.344007 	11
M0526	0.2904665	-0.5564424 	42
M1323	0.0004988395	-3.420404 	79
M0286	0.08735262	-1.473517 	10
M0332	7.786945e-07	-4.938975 	220
M1078	0.8250949	0.9929585 	9
M0237	0.213609	-0.8427574 	8
M0183	0.001087227	-3.10991 	182
M0467	0.4247335	-0.1921546 	22
M0248	0.4099827	-0.2280577 	129
M1409	0.8793647	1.196296 	30
M0172	0.001693927	-3.817415 	11
M0345	3.77289e-06	-4.83765 	71
M0813	0.8310776	0.9610075 	180
M0058	0.3809979	-0.3169834 	7
M0829	0.02449134	-2.274731 	10
M0882	0.1585308	-1.008787 	62
M0279	0.6791823	0.4749912 	16
M0858	0.1816672	-0.9252699 	27
M0489	4.21634e-05	-3.996378 	255
M0074	0.3847953	-0.2965514 	23
M1057	0.338906	-0.4168223 	90
M0231	0.9956835	2.700158 	73
M1154	0.02058616	-2.430466 	9
M0812	0.02580506	-2.007961 	40
M0837	0.1613974	-0.9905932 	264
M0452	0.01893356	-2.203191 	24
M0403	0.8771345	1.181172 	35
M0354	0.007398252	-2.480318 	101
M0569	0.1737229	-0.9575765 	26
M0371	0.5	0 	32
M0142	0.5268969	0.0676762 	84
M0773	0.4353775	-0.1697905 	7
M1051	0.05159867	-1.813278 	10
M0955	0.2637682	-0.6330811 	170
M1099	0.003423275	-2.855772 	40
M1004	0.6653587	0.4346512 	18
M0164	0.9264476	1.528884 	16
M1198	0.01804358	-2.12643 	95
M0722	0.0004437435	-3.515398 	56
M0093	5.157013e-05	-4.164436 	60
M1037	0.007036171	-2.502139 	95
M1376	0.1527653	-1.033941 	58
M1280	0.1762855	-0.9706734 	12
M0618	0.5601015	0.151643 	94
M0624	0.7683437	0.7659637 	10
M0501	0.0001233864	-3.890549 	63
M0604	8.880156e-07	-5.639825 	39
M0148	0.4610875	-0.09887543 	22
M0733	0.01763636	-2.160524 	54
M0180	0.7745616	0.8062258 	7
M0388	0.00276161	-2.800836 	235
M0587	0.01094582	-2.361824 	54
M0214	2.001437e-07	-5.354816 	125
M1204	0.001100934	-3.178938 	71
M0230	2.815083e-05	-4.336152 	61
M0842	0.2141264	-0.8027121 	32
M0356	0.016526	-2.514753 	10
M0757	0.0469407	-1.707123 	52
M1387	7.433313e-05	-3.860053 	223
M0744	0.004545823	-2.65608 	110
M0044	0.08227761	-1.4457 	20
M1381	0.249625	-0.6924257 	16
M0459	0.703288	0.5514627 	11
M1056	0.133028	-1.291659 	5
M0285	0.07079363	-1.537404 	19
M0216	0.6622966	0.4345004 	9
M1015	0.4230981	-0.1953772 	37
M1146	0.9318483	1.656053 	9
M0738	0.1429468	-1.171272 	7
M1033	0.67224	0.4691574 	7
M0790	0.005721266	-2.547494 	254
M0988	0.2435176	-0.7020596 	38
M0957	0.2722732	-0.6098814 	54
M0005	0.08909549	-1.381038 	29
M0909	0.3817934	-0.3076985 	13
M0460	0.04469688	-1.727534 	59
M0874	0.2160667	-0.7937686 	40
M0401	0.01233985	-2.451249 	19
M0570	0.4310965	-0.1748297 	37
M0593	0.1571155	-1.031084 	22
M1145	9.474822e-05	-3.887981 	94
M0857	0.105367	-1.258572 	116
M0376	0.3659041	-0.3549426 	9
M0447	0.03766538	-1.80738 	66
M1373	0.0003947667	-4.127596 	17
M0011	0.6143894	0.2922423 	55
M0571	0.07788919	-1.436068 	66
M0444	0.05271474	-1.825075 	9
M0409	0.001838834	-3.060847 	47
M0239	0.8430723	1.060508 	11
M0767	0.06029031	-1.714498 	10
M1201	0.0100276	-2.364326 	98
M0023	3.166035e-17	-10.67995 	79
M0348	0.01003406	-2.398838 	53
M1354	0.006065875	-2.621764 	43
M0139	0.2372717	-0.7313217 	18
M0397	0.002800996	-3.00111 	29
M0646	0.01372642	-2.691029 	9
M0877	0.99	1	9
M1022	0.2339833	-0.7272839 	187
M1177	0.6324655	0.3490638 	10
M0911	0.7727793	0.757248 	33
M1403	0.8711018	1.2 	11
M0284	0.7269209	0.6301689 	9
M0719	0.9978305	3.103739 	29
M0295	0.05645667	-1.683782 	16
M0938	0.01946279	-2.101835 	76
M0673	0.074178	-1.481116 	33
M1405	0.7946951	0.8374358 	25
M1290	0.00943358	-2.580217 	19
M1030	0.8890142	1.340441 	8
M1306	0.5495912	0.1250298 	80
M0852	0.0004339155	-3.615284 	39
M0900	1.558046e-06	-8.640997 	12
M0801	0.006018539	-2.667594 	32
M0764	0.1250471	-1.196441 	16
M1083	6.139485e-05	-5.131868 	16
M0548	0.6147065	0.2938146 	37
M0343	0.000260461	-3.766538 	42
M0194	0.7238198	0.6049639 	20
M0249	0.1153061	-1.236459 	21
M1021	0.4109434	-0.2257489 	95
M0170	2.526918e-07	-5.300415 	126
M0028	0.2136776	-0.7965977 	114
M0089	0.6805317	0.4707289 	94
M0809	0.2601073	-0.6691156 	10
M1217	0.7743787	0.7567138 	89
M0731	0.003305149	-3.069151 	19
M1294	0.00967395	-2.429984 	44
M0484	0.009329033	-2.414817 	64
M0290	0.5277342	0.07027785 	26
M0179	0.167898	-0.9751963 	38
M1320	0.9404239	1.722102 	10
M0195	4.038418e-05	-4.167354 	77
M0206	0.2601709	-0.6556507 	19
M0079	0.02517241	-2.257952 	10
M0951	0.02220126	-2.101476 	30
M0715	0.5185232	0.0471802 	17
M1200	0.3419251	-0.4091996 	61
M0657	0.02469567	-2.037989 	35
M0218	0.3364433	-0.4547334 	5
M0494	0.0001058227	-3.96321 	57
M0653	0.8688404	1.144849 	28
M1071	0.7594876	0.7389995 	9
M0235	0.0001190249	-4.568778 	19
M1188	0.0003775034	-3.437559 	155
M1003	1	1	155
M1191	0.1071689	-1.365549 	8
M1390	0.1196495	-1.189638 	56
M0485	0.5302574	0.07980869 	6
M0752	1	1	6
M0681	0.01371125	-2.318495 	31
M0706	0.7686378	0.7608859 	12
M0775	0.804437	0.8927058 	12
M1298	0.3224035	-0.4698431 	17
M1082	0.1893467	-0.884152 	103
M0821	0.3250128	-0.4614184 	19
M1174	0.9709016	2.261566 	8
M0003	0.6757925	0.4652788 	16
M0468	0.5262957	0.06933752 	6
M0926	0.0001549932	-5.380239 	11
M0890	0.24911	-0.7094118 	9
M0038	0.8747815	1.157686 	81
M0299	0.9467241	1.639815 	58
M1077	0.8669947	1.226341 	7
M0977	0.009522127	-2.446328 	40
M1059	0.1321244	-1.128595 	53
M1151	0.9478955	1.679358 	29
M1307	0.02304	-2.052683 	45
M0804	0.0168138	-2.193135 	45
M0565	0.88795	1.317657 	9
M0108	0.1772014	-0.9369586 	41
M1193	0.6791742	0.4694612 	36
M0739	0.800501	0.8908708 	9
M0546	0.7274025	0.609306 	49
M1270	0.0456248	-1.732753 	39
M1341	0.07360077	-1.585997 	10
M0430	6.217296e-08	-5.859228 	74
M0682	0.1372714	-1.108248 	40
M1164	0.1113641	-1.309739 	10
M0881	0.1776266	-0.9299048 	80
M1234	0.03931527	-1.840523 	24
M1296	0.0005923094	-3.37901 	72
M0777	0.9332787	1.55329 	25
M0691	0.009452755	-2.376018 	136
M0862	0.4832349	-0.04218282 	73
M0487	0.3125399	-0.5148314 	7
M0342	0.1043981	-1.367013 	9
M1089	0.1976914	-0.8685759 	21
M1366	0.2598806	-0.6522397 	28
M0260	0.6510465	0.4008123 	10
M0052	0.1147719	-1.210339 	85
M0041	0.183907	-0.9481523 	10
M1012	0.247294	-0.7013344 	15
M0017	0.207254	-0.8215936 	62
M0475	0.008409934	-2.47709 	49
M0617	3.441599e-05	-5.138701 	19
M0507	0.8966133	1.360478 	10
M0026	0.7458346	0.6817679 	13
M1269	0.289569	-0.5815017 	8
M0690	0.0117083	-2.287578 	168
M1184	6.421952e-06	-4.974454 	41
M0513	0.005410702	-2.645367 	52
M0516	2.748078e-05	-4.322572 	65
M1321	0.009624619	-2.457432 	35
M0000	0.0002242062	-3.714712 	61
M0238	0.004269702	-2.782313 	37
M1070	0.04815639	-1.760431 	18
M1300	0.6249496	0.3234249 	19
M0831	0.7122399	0.5770574 	12
M0865	0.4863504	-0.03448164 	34
M0292	0.02645799	-2.114272 	15
M0004	0.005293392	-3.659418 	7
M0267	0.4564418	-0.1104319 	28
M0333	0.07221726	-1.728693 	6
M1000	0.2947864	-0.5652185 	8
M0714	0.6393828	0.3635944 	16
M0796	0.1258825	-1.235297 	9
M0082	0.1146687	-1.301429 	9
M1293	0.00645839	-2.776938 	18
M1240	0.04822756	-1.706892 	37
M0339	0.8544758	1.141897 	8
M1358	0.09072662	-1.371685 	28
M0985	0.01526879	-2.18428 	147
M0898	0.8950231	1.350105 	10
M0827	0.9254624	1.511309 	18
M0280	1.095379e-05	-4.618978 	59
M1331	0.5753359	0.2000436 	6
M0961	0.18118	-0.920444 	45
M1248	0.702996	0.5389897 	30
M1156	0.01372147	-2.776327 	8
M0572	0.1395424	-1.144466 	11
M0647	0.820129	0.9650313 	10
M0640	0.02561426	-2.00831 	42
M1305	0.002037637	-3.977614 	9
M0186	0.5732494	0.190713 	9
M0121	0.6529028	0.3992041 	20
M0661	0.0003574476	-3.959976 	22
M0984	0.7997367	0.8823758 	10
M0872	0.4602947	-0.0999951 	84
M0530	3.461232e-19	-130.1083 	12
M0450	0.05564154	-1.692133 	16
M0746	0.8408566	1.014309 	32
M0404	0.3872294	-0.2978565 	8
M0033	0.04426734	-1.749278 	38
M1173	0.9085125	1.505217 	7
M1186	0.03055149	-2.014332 	17
M0153	0.02962407	-1.902525 	135
M0365	0.02256072	-2.042899 	66
M1207	0.5179575	0.04629652 	10
M1046	0.2762319	-0.5955638 	136
M0589	0.9821121	2.280138 	18
M0947	0.1300428	-1.167571 	17
M1019	7.190542e-07	-5.361872 	60
M1203	1.661479e-06	-4.990694 	83
M1413	0.9289612	1.484833 	71
M0845	0.02714452	-2.067213 	18
M1155	0.8516348	1.100907 	11
M0897	0.04532966	-1.712867 	80
M0533	0.05716952	-1.610239 	46
M0478	0.01033942	-2.423525 	36
M1247	0.6143105	0.3020661 	8
M0727	0.2113049	-0.8060918 	80
M1262	0.2617605	-0.6713589 	8
M1085	0.07902291	-1.463844 	22
M0198	0.01408005	-2.22197 	121
M0942	0.4841556	-0.0397553 	345
M0398	0.005523768	-2.582662 	117
M0309	0.2537807	-0.6778344 	17
M0278	0.01355027	-2.239203 	114
M0307	0.1564288	-1.038345 	19
M0677	0.01043185	-2.602791 	15
M0366	0.3656196	-0.3458885 	41
M1394	0.06991168	-1.500308 	51
M0709	0.725095	0.6282021 	8
M1090	0.8219698	0.9728225 	10
M0751	0.5459283	0.1165103 	27
M0535	0.9354384	1.691912 	9
M0791	0.4465341	-0.1363369 	19
M1058	0.0002634081	-3.564779 	119
M0694	0.01084821	-2.354146 	64
M0580	0.00422597	-2.684606 	105
M1132	0.0350192	-2.089813 	9
M1223	0.4098214	-0.2382128 	7
M0704	0.3536689	-0.3775417 	52
M0244	0.9646062	1.927566 	18
M0010	0.4124489	-0.2277934 	10
M0878	0.429394	-0.1837416 	9
M0408	0.9128885	1.47535 	10
M0247	0.02436616	-2.801594 	5
M0154	0.4808816	-0.0481351 	63
M0147	0.0827253	-1.4493 	18
M0313	0.09831535	-1.329775 	24
M0086	0.5361003	0.09271187 	12
M0312	0.04326789	-1.900607 	11
M0314	0.2219773	-0.8006512 	10
M0435	0.3811712	-0.3193918 	6
M1274	0.2601393	-0.6486387 	41
M1397	1	1	41
M0175	2.883587e-07	-9.566723 	13
M0959	0.4339968	-0.1682537 	22
M0626	0.01870865	-2.439141 	10
M1285	0.823245	0.9406695 	35
M0317	0.6754281	0.4725696 	9
M0116	0.9298268	1.698416 	7
M0536	0.3768932	-0.3194562 	16
M0696	0.01465572	-2.252764 	45
M0779	0.4032322	-0.2486264 	19
M1176	0.3772497	-0.3206302 	12
M0455	0.0003612281	-4.115274 	18
M1322	0.3643215	-0.3579351 	10
M0566	0.82117	0.9694301 	10
M0159	1.113249e-06	-5.422599 	46
M1001	0.9772004	2.157149 	18
M0477	0.3998374	-0.2553441 	44
M0406	1.525387e-10	-8.439316 	39
M1060	0.2197637	-0.7821716 	35
M0608	0.3975573	-0.2635573 	19
M0899	0.07087114	-1.557171 	15
M0542	0.4451908	-0.1417738 	10
M0502	0.00529454	-2.653732 	52
M0383	0.0003506301	-9.443231 	5
M0375	0.9348505	1.600657 	16
M0118	0.04358793	-2.12298 	6
M0934	0.8509836	1.056847 	35
M0860	0.7445031	0.6924013 	8
M0774	0.8063526	0.9002046 	12
M1319	0.9690063	1.971482 	22
M0539	0.5211461	0.05349073 	30
M0768	0.6560747	0.4058241 	30
M1242	0.4550484	-0.1144308 	20
M0880	0.8140581	0.9397449 	10
M1374	0.7011894	0.5470863 	10
M0654	0.4678547	-0.08095833 	70
M0577	0.2962329	-0.5651396 	7
M0470	0.006583397	-2.583884 	45
M1351	0.7262866	0.6082895 	32
M1209	0.9951474	3.122576 	12
M0070	0.3548127	-0.3821564 	12
M1288	0.1074187	-1.259879 	42
M1356	0.01365118	-2.779895 	8
M0434	0.000385268	-4.969401 	10
M0236	0.3855728	-0.2940523 	26
M0935	0.530774	0.07836582 	18
M0078	0.01311485	-2.274721 	66
M1412	0.7288355	0.6534331 	6
M0181	0.8279122	0.9551798 	50
M0707	0.03572657	-2.07695 	9
M1116	0.007020117	-2.568849 	41
M1158	0.2107475	-0.8110829 	47
M1044	0.3550479	-0.3765766 	23
M0545	0.0006914595	-4.551525 	10
M0327	0.6001529	0.2563552 	27
M0612	0.00810805	-2.462728 	72
M1118	0.03275797	-2.096248 	10
M0250	0.009366204	-2.476736 	33
M1329	1.283855e-05	-4.494425 	74
M1017	0.0009848274	-3.148404 	156
M0161	2.744499e-07	-5.409474 	88
M0990	0.0003044001	-3.536758 	104
M0012	0.09151034	-1.457738 	9
M0930	0.7166876	0.5976143 	9
M1259	0.00164545	-3.224507 	28
M1160	0.6915239	0.5100906 	17
M0735	0.9828156	2.300264 	18
M0227	0.4738431	-0.06586281 	67
M1273	0.07509941	-1.615674 	8
M0986	0.001957091	-3.067364 	40
M0730	0.3153159	-0.4853544 	34
M1061	0.1082261	-1.281002 	19
M0905	0.003111186	-2.90141 	38
M0160	0.2633606	-0.6347967 	126
M1106	0.02667933	-2.076187 	18
M0050	0.2021848	-0.8518741 	21
M0275	0.02037631	-2.108103 	45
M0723	0.6187244	0.3031914 	79
M0559	0.6029184	0.2650433 	18
M0473	0.00967021	-2.783312 	11
M1183	0.2236661	-0.7687788 	35
M0820	0.3374892	-0.4255522 	21
M0620	0.0127578	-2.827004 	8
M1224	0.1255305	-1.165549 	39
M1026	0.7816608	0.7965809 	18
M1205	0.0176326	-2.529822 	9
M0868	0.4926025	-0.01901264 	11
M0056	0.02415761	-2.220593 	12
M1031	0.9274168	1.595045 	10
M0503	0.006220328	-3.113886 	10
M1197	0.09345241	-1.443376 	9
M1187	0.6858863	0.4926327 	19
M0786	0.2479461	-0.6865449 	46
M0769	0.7808725	0.7963435 	16
M0886	0.5966204	0.2482394 	19
M0499	0.007257076	-3.018517 	10
M0209	1	1	10
M1045	0.03777842	-1.861128 	24
M0943	0.2039619	-0.8321637 	77
M1043	0.7704819	0.7735426 	10
M1127	0.0327346	-2.096688 	10
M0644	0.1144131	-1.274282 	12
M0912	0.9811773	2.435436 	10
M0389	0.09668444	-1.324778 	38
M1251	0.001023382	-4.281061 	10
M0492	0.1232352	-1.250449 	9
M0163	0.009121344	-2.877821 	10
M0883	0.2125558	-0.8039054 	53
M0970	0.1446298	-1.083713 	25
M0908	0.8855019	1.290641 	10
M0634	0.1882702	-0.9548151 	7
M0094	0.0002022732	-4.055414 	27
M1097	0.8618641	1.159027 	10
M0213	0.887019	1.256401 	18
M0488	0.0002304809	-3.864651 	36
M1189	0.2264021	-0.7656881 	21
M1181	0.8779183	1.201915 	20
M0263	0.02331486	-2.145701 	18
M0100	0.2465561	-0.7230196 	8
M0823	0.1630637	-1.069124 	7
M0297	0.0002004856	-5.809128 	9
M0373	0.7665215	0.7325276 	56
M1359	0.001426172	-3.032201 	154
M0043	0.9807736	2.382426 	11
M0211	0.6966707	0.5188444 	42
M0665	0.005542621	-2.999099 	13
M0971	0.6966601	0.535782 	9
M1299	0.03249991	-2.186646 	8
M0844	0.1670228	-1.014975 	11
M0416	0.9773302	2.197177 	15
M0983	0.01027816	-2.504969 	22
M0063	0.005324272	-3.070598 	12
M0465	0.005313468	-3.133505 	11
M0870	0.03639636	-1.842702 	41
M1328	0.6192519	0.308749 	17
M0981	1.458736e-07	-7.381609 	22
M1249	0.869699	1.154701 	23
M1281	0.2365049	-0.7329787 	19
M0068	0.06230447	-1.610849 	19
M0352	0.777194	0.8081194 	8
M0370	0.2976735	-0.5352813 	42
M1339	2.258497e-06	-6.598444 	18
M0287	0.02501039	-2.059337 	26
M0357	0.6478895	0.3812788 	67
M0243	0.04487589	-1.968027 	8
M1334	0.2250888	-0.7613414 	49
M1324	0.002155434	-3.088311 	31
M0155	0.6303934	0.344691 	9
M1361	0.9981713	3.338423 	19
M0353	0.03050282	-1.932304 	38
M0092	0.08168123	-1.461047 	17
M1330	0.002374902	-3.021765 	35
M0832	0.4309214	-0.178568 	11
M0838	0.05818985	-1.607802 	38
M0144	0.5134152	0.03469943 	9
M1194	0.256153	-0.6596953 	54
M1144	0.4771242	-0.05775245 	39
M0888	0.2955256	-0.557086 	10
M0836	0.400589	-0.2527295 	75
M1111	0.9916082	2.651635 	18
M0642	0.005951867	-2.72152 	25
M0018	0.09767972	-1.342172 	20
M0613	0.349981	-0.3919543 	18
M1142	0.276911	-0.61494 	10
M0414	0.2622405	-0.6490831 	19
M0104	0.008124777	-2.492928 	48
M0592	2.483144e-08	-6.156074 	67
M0960	0.001783238	-3.689466 	12
M1326	1	1	12
M1276	0.4693658	-0.07966741 	8
M0521	7.070362e-05	-6.297477 	10
M1115	0.1543485	-1.033908 	34
M0998	0.9040717	1.390539 	12
M0049	0.6545606	0.405439 	16
M1040	0.308386	-0.5235198 	8
M0382	0.1024365	-1.512822 	5
M0968	0.05666961	-1.91717 	6
M0165	0.000575948	-3.635202 	28
M0304	3.256317e-08	-18.83978 	9
M0816	0.01113414	-2.414989 	30
M0191	0.8556237	1.097295 	17
M0096	0.0006103209	-4.882401 	9
M0102	0.6674648	0.4448272 	12
M0413	0.0007097756	-3.465075 	36
M0424	1.669717e-06	-9.216696 	11
M1202	0.99	1	11
M1241	0.2196348	-0.7806762 	44
M0178	0.1081109	-1.34269 	9
M1345	0.9730356	2.070672 	18
M1076	0.005888473	-2.771437 	21
M0659	0.2305326	-0.7797839 	8
M0763	0.5618713	0.1607736 	9
M0635	0.870722	1.229634 	8
M1231	0.000442013	-3.561928 	46
M0117	0.2579831	-0.6900253 	7
M0412	0.5896479	0.2419678 	5
M0330	0.951293	1.876597 	9
M0340	0.4385038	-0.1587741 	11
M0989	0.04711813	-1.779034 	17
M1313	0.05216958	-1.806333 	10
M1333	0.3994961	-0.2563114 	42
M1352	0.5462348	0.119466 	10
M0321	2.233328e-07	-12.78953 	10
M0268	0.06558426	-1.747361 	7
M0338	0.5462581	0.1204857 	8
M1168	0.9084435	1.477311 	8
M1042	0.1300847	-1.150145 	28
M1363	0.05254904	-1.907318 	7
M0256	0.05131906	-1.842582 	9
M0674	0.4078576	-0.2408687 	9
M1284	0.01070314	-2.54993 	17
M0396	0.4301052	-0.1791589 	16
M1102	0.47799	-0.05675551 	10
M1123	0.1215827	-1.200888 	22
M0692	0.0176584	-2.275748 	19
M0963	0.9132448	1.515149 	8
M1218	0.3665285	-0.3518382 	10
M1332	0.001145501	-4.204611 	10
M0867	0.09952658	-1.328254 	21
M0873	0.3331941	-0.4531184 	7
M1385	0.8118489	0.9085231 	18
M0875	0.3826136	-0.3078155 	10
M0849	0.4608885	-0.1023984 	7
M0519	0.3228886	-0.4775032 	9
M0111	0.4045996	-0.2507624 	8
M0372	0.01573894	-2.238303 	37
M0610	0.02530434	-2.103571 	18
M0583	0.3965698	-0.2640873 	39
M0064	0.1845855	-0.9363991 	12
M0916	0.7548315	0.704171 	19
M0020	0.5499745	0.1296407 	9
M1210	0.6567358	0.4105531 	18
M0552	0.9418029	1.65438 	18
M1153	0.1750423	-0.9923599 	9
M0698	0.4118365	-0.2235649 	80
M0922	0.1712619	-1.030475 	7
M0703	0.6814542	0.4902903 	9
M0672	0.02257839	-2.288134 	11
M0574	0.6442682	0.3833259 	9
M1220	0.8704536	1.228111 	8
M0266	0.4768362	-0.06056522 	7
M0262	0.002279543	-3.749373 	10
M0652	0.6443392	0.3763375 	18
M1393	0.1648069	-1.012848 	14
M0259	0.238079	-0.7286108 	18
M1010	0.02433055	-2.592978 	6
M0411	0.808059	0.9288428 	8
M0173	0.3825864	-0.3078894 	10
M0597	0.3065715	-0.5330689 	7
M0551	0.9793869	2.380021 	10
M0302	0.232147	-0.7642308 	10
M0215	0.0008082432	-3.572178 	24
M0115	0.03308829	-2.174493 	8
M0802	0.1502799	-1.117756 	8
M0595	0.2502567	-0.7018585 	10
M0504	0.4033985	-0.2528003 	9
M0765	0.00133151	-3.234203 	36
M0107	0.1664504	-1.023261 	10
M0272	0.947067	1.667281 	31
M0240	0.2632894	-0.6619968 	9
M0329	0.6677541	0.4372219 	38
M1266	0.9604506	1.979692 	10
M0456	0.207242	-0.8253124 	38
M0331	0.06158562	-1.792819 	7
M1190	0.7993007	0.8463347 	51
M1081	0.6257665	0.3251198 	21
M0032	0.001803627	-3.90221 	10
M1418	0.02157372	-2.159339 	21
M0579	0.8068556	0.9105118 	10
M0036	0.9111992	1.4626 	10
M0588	0.0009895262	-4.303986 	10
M0210	0.3258194	-0.4714809 	8
M1041	0.004053811	-3.656517 	8
M0992	0.8100361	0.9292837 	9
M0518	0.4853767	-0.03710299 	22
M1165	0.9822972	2.60038 	8
M0605	0.0003757058	-3.837366 	26
M1340	0.3481108	-0.3925973 	53
M0162	0.3526897	-0.3814652 	33
M0822	0.09521137	-1.416059 	10
M0633	0.9486231	1.841848 	9
M1386	0.6284481	0.3393208 	9
M1129	0.7742162	0.7913399 	9
M0585	0.5059013	0.01520884 	10
M0851	0.6929616	0.50726 	54
M0933	0.3151609	-0.4868097 	28
M0305	0.2215177	-0.7745743 	42
M0381	0.0001824212	-3.958332 	35
M1034	1.590813e-05	-4.949773 	29
M0222	0.01784771	-2.467859 	10
M0641	0.04616501	-1.777832 	19
M0685	0.1972044	-0.9172028 	7
M1091	0.02777453	-1.973543 	40
M0907	0.2290192	-0.7796516 	9
M1253	0.0521819	-1.806184 	10
M0919	0.3821922	-0.3080239 	11
M0387	0.5855217	0.2256591 	7
M0978	0.497164	-0.007134556 	70
M1311	0.0009117654	-4.865546 	8
M0361	0.7053196	0.5474239 	24
M0363	0.004459129	-3.432776 	9
M0939	0.4372852	-0.1619504 	11
M0006	0.8732286	1.219793 	10
M0438	0.9064825	1.442898 	9
M1312	0.8161604	0.9739849 	7
M0328	0.1326545	-1.228349 	7
M0708	0.4627634	-0.0961262 	10
M0856	0.04858346	-1.761963 	17
M0091	0.9976131	3.609288 	11
M1182	0.6832372	0.4854914 	18
M1140	0.3184493	-0.488469 	10
M0596	0.198033	-0.8866964 	11
M1038	0.9736201	2.011483 	33
M0639	0.6917735	0.5169169 	11
M0506	0.000100992	-4.024108 	49
M0931	0.8575906	1.137214 	10
M1018	1	1	10
M0425	0.8198587	0.9436868 	16
M1050	0.8294142	0.9636241 	40
M1213	0.3727944	-0.3305061 	16
M0621	0.7552365	0.724286 	9
M0993	0.002234469	-2.986733 	48
M0128	0.02320555	-2.220328 	13
M0866	0.04424009	-1.795602 	20
M0046	0.8844097	1.267415 	12
M0582	0.7547655	0.7276069 	8
M0925	0.08167165	-1.427812 	32
M0390	0.1605298	-1.022099 	18
M0680	0.6736649	0.4598699 	15
M1364	0.8272479	1.011392 	8
M0846	0.2333265	-0.7875158 	6
M0711	0.005677826	-2.802741 	20
M0207	0.7445743	0.6845804 	10
M0420	0.04764376	-1.7509 	21
M1105	0.7502563	0.6932591 	15
M0848	0.2365789	-0.7652165 	7
M1148	0.8935155	1.297162 	17
M0602	0.0001402089	-6.128882 	9
M0105	0.05493325	-1.941451 	6
M0864	7.631533e-10	-10.44 	21
M0241	0.1065423	-1.329907 	11
M0410	0.596129	0.246289 	23
M1407	0.4479367	-0.1319901 	31
M0658	0.5361707	0.09146662 	35
M0541	0.3536899	-0.3817456 	18
M1036	0.199324	-0.9084725 	7
M0669	0.03420107	-1.908166 	25
M0436	0.9898584	2.887295 	9
M0182	0.1884018	-0.9435793 	8
M1369	0.003079605	-3.686722 	9
M0261	0.686793	0.5128047 	7
M0967	0.5250561	0.06484592 	9
M0114	0.1564984	-1.038038 	19
M1347	0.980234	2.241395 	17
M0193	0.9802346	2.405637 	10
M0090	0.8481616	1.055733 	21
M0394	0.8633596	1.130071 	19
M0016	0.249081	-0.705819 	10
M1011	0.1968825	-0.9086045 	8
M1395	0.2449765	-0.719739 	10
M0619	0.230669	-0.7660643 	11
M0106	0.06506192	-1.665713 	10
M1094	0.0005514734	-4.711008 	10
M0528	0.1279433	-1.159061 	30
M0351	0.01523194	-2.623932 	9
M0549	0.5205371	0.05295343 	10
M0085	0.7782586	0.8803658 	4
M1355	0.1797266	-0.9656402 	10
M0606	0.9436819	1.66791 	19
M0030	0.07039998	-1.544824 	18
M1147	0.0169889	-2.305995 	18
M1023	0.7795804	0.8063273 	10
M0246	9.03748e-05	-5.519876 	12
M0782	0.6143733	0.2933776 	31
M0229	0.9787271	2.409433 	9
M1221	0.4751773	-0.06424097 	9
M0271	0.6939732	0.5196324 	14
M0910	0.6570715	0.4101406 	22
M0476	0.09446892	-1.455227 	8
M1072	0.00820104	-2.632581 	20
M0954	0.99	1	17
M0949	0.3156518	-0.4935887 	12
M0737	0.1737199	-0.9699766 	16
M0869	0.1161573	-1.271537 	11
M0505	0.9527613	1.760121 	20
M1402	0.06040433	-1.695656 	11
M0469	0.001291518	-4.309318 	9
M1195	0.6868549	0.506316 	9
M0958	0.08714775	-1.462554 	11
M0649	0.6697207	0.4583979 	8
M1380	0.981393	2.187533 	29
M1159	0.1016152	-1.330492 	16
M0125	0.9604929	2.012151 	9
M0289	0.3080192	-0.5216586 	9
M1150	0.06174848	-1.721326 	9
M0863	0.09479027	-1.40755 	11
M1055	0.2018589	-0.8761671 	10
M1301	0.02427898	-2.324751 	9
M1119	0.6815209	0.4800722 	19
M1400	0.6875777	0.5062565 	10
M0035	0.5703951	0.1831858 	9
M1131	0.600851	0.260133 	16
M0323	0.5193932	0.05039755 	8
M0486	0.2174896	-0.8280161 	8
M0466	0.6675884	0.4463944 	11
M0560	0.1430878	-1.142778 	9
M0973	0.007177769	-3.0253 	10
M0695	0.9519235	1.857779 	10
M0728	0.1746301	-0.9873715 	10
M0567	0.05163736	-1.792686 	11
M0656	0.4122031	-0.2243211 	25
M0648	0.02235773	-2.241012 	13
M1304	0.8644677	1.158829 	12
M0537	0.1357869	-1.136355 	18
M0384	0.9860996	2.6829 	9
M0264	0.01124557	-2.749611 	10
M0806	0.006571101	-2.735471 	20
M0439	0.1251547	-1.190238 	18
M0803	0.9839155	2.280484 	24
M1130	0.8383901	1.019315 	17
M0713	0.6287894	0.3347873 	16
M0423	0.99	1	8
M0393	0.3389275	-0.4292198 	10
M0562	0.1891107	-0.9181727 	12
M1114	0.6806911	0.4859459 	10
M0749	0.02044603	-2.434844 	9
M1067	0.3574273	-0.3758835 	11
M0750	0.9414762	1.75662 	9
M0031	0.2893552	-0.5787081 	9
M1408	0.01277257	-2.319705 	41
M0019	0.3422877	-0.4089922 	44
M0149	0.1231281	-1.176309 	42
M0826	0.5972794	0.2507085 	16
M0189	0.0544349	-1.779455 	10
M1372	0.2876879	-0.5675897 	26
M1271	0.8936252	1.353973 	9
M0482	0.02235362	-2.440788 	8
M0120	0.01308958	-2.721715 	9
M0014	0.9125237	1.41218 	19
M0660	0.634646	0.3550809 	10
M0291	0.6729977	0.4714045 	7
M0252	0.9708917	2.261335 	8
M0584	0.9366601	1.704536 	9
M0547	0.08968398	-1.400444 	18
M1336	0.5539064	0.1374676 	19
M0059	0.3485868	-0.4018449 	10
M1383	0.6638425	0.431398 	16
M0679	0.0007195056	-4.753366 	9
M0053	0.2776073	-0.6127373 	10
M0445	0.8074733	0.8902937 	19
M0087	0.7874982	0.8469985 	8
M0631	0.05858543	-1.732789 	10
M0664	0.2545253	-0.7018804 	7
M0300	0.6245696	0.3302697 	8
M0834	0.702868	0.5547002 	9
M0946	0.167409	-1.018987 	10
M0906	0.005231548	-3.324925 	9
M0145	1	1	9
M0607	0.6557475	0.4140867 	10
M0784	0.6195937	0.3186223 	7
M1199	0.01088273	-2.714484 	11
M0914	5.967916e-06	-4.908653 	47
M0859	0.09047078	-1.450201 	10
M0830	0.04587309	-1.744033 	30
M0479	0.4641066	-0.09238959 	11
M1109	0.798083	0.8574936 	17
M0670	0.8205661	0.9733911 	9
M1137	0.5	0 	10
M0636	0.1978638	-0.8973622 	9
M0395	0.2808668	-0.5943915 	15
M0655	0.0009137845	-3.503259 	25
M1250	0.06166954	-1.722169 	9
M0557	0.9854401	2.851617 	7
M0785	0.1046025	-1.312121 	16
M0770	0.976106	2.334989 	9
M1169	0.5885749	0.2313502 	9
M0483	0.7282586	0.6384711 	8
M0760	0.2615933	-0.6537226 	16
M1167	0.7590983	0.7174857 	20
M0131	0.99	1	12
M0217	0.6328415	0.3490128 	11
M0037	0.1707387	-0.9744404 	21
M1297	0.7528234	0.7122597 	10
M0792	0.001515777	-3.782946 	12
M1255	0.2136171	-0.8134013 	18
M0009	0.3692164	-0.3444321 	10
M0814	0.7842195	0.8056661 	18
M0563	0.1212298	-1.296413 	7
M0060	0.4082225	-0.2343973 	28
M1227	1	1	28
M0472	0.03133125	-2.07102 	12
M0315	0.5796147	0.2029287 	27
M0840	3.755466e-05	-6.845527 	10
M0965	0.8547065	1.092978 	17
M0615	0.1532552	-1.077623 	11
M0514	0.5315247	0.08134145 	10
M0112	0.09454662	-1.362115 	20
M0817	0.7210418	0.6084724 	10
M0319	0.9520468	1.838037 	11
M0282	0.6492981	0.4022994 	7
M0318	0.7486453	0.7064988 	8
M0800	0.01588638	-2.269407 	27
M1261	0.323832	-0.4643637 	20
M1282	0.1924015	-0.9051097 	12
M0564	0.03172892	-2.153203 	9
M0921	1.905719e-05	-5.511764 	18
M0969	0.9815482	2.236084 	21
M1095	0.9837321	2.658543 	8
M0156	0.4192121	-0.2067246 	20
M0061	0.8048258	0.9155576 	8
M0781	0.009590884	-2.645908 	15
M0591	0.7740191	0.7797985 	12
M0975	0.5224469	0.0586883 	7
M0341	0.008948237	-2.638148 	17
M0103	0.175522	-1.010981 	7
M0426	0.5340203	0.08665353 	18
M0795	0.003046797	-3.694161 	9
M0458	0.8244289	0.9587103 	18
M1350	0.4714911	-0.07354355 	10
M0048	0.1226717	-1.267995 	8
M0008	0.1503127	-1.132546 	7
M0799	0.01025788	-2.879866 	9
M0987	0.04611068	-1.861937 	11
M0974	0.01850362	-2.372208 	12
M1157	0.3246436	-0.478417 	7
M0277	0.1278844	-1.213651 	10
M0200	0.72597	0.631035 	8
M1365	0.3907073	-0.2869877 	9
M1028	0.05528168	-1.750657 	11
M0310	0.05832716	-1.758831 	9
M0359	0.9511199	1.874289 	9
M1122	0.7245345	0.6225144 	9
M0137	0.59092	0.2387212 	8
M0187	0.001872243	-4.038319 	9
M1265	0.0154202	-2.616023 	9
M0854	0.5524048	0.1355108 	10
M0126	0.7031662	0.5481081 	13
M0780	0.01446197	-2.31796 	26
M0368	0.0001010254	-5.686406 	11
M1179	0.2152731	-0.8449314 	7
M1135	1.66864e-06	-10.08405 	10
M0578	0.2773266	-0.6136249 	10
M0740	0.3108971	-0.5198319 	7
M1047	0.04638245	-1.858356 	11
M0688	0.03561879	-2.078894 	9
M1226	0.2238077	-0.7773851 	18
M0298	0.4763078	-0.06079158 	12
M0675	0.8422438	1.062904 	10
M0637	0.578966	0.2021483 	19
M1075	0.02483433	-2.451808 	7
M0431	0.7611402	0.7375804 	11
M0743	0.9940078	3.137076 	10
M0095	0.001293571	-4.308142 	9
M1133	1	1	9
M1128	0.8719163	1.236444 	8
M0929	0.1035713	-1.389948 	8
M0927	0.3886237	-0.2906637 	11
M0632	0.02495812	-2.161286 	14
M1245	0.7586049	0.7288899 	11
M0586	0.9578711	1.970659 	9
M0098	0.006136864	-3.348632 	8
M0497	4.021397e-05	-7.343661 	9
M1139	0.0001185126	-6.87297 	8
M1360	0.9748977	2.098838 	19
M1396	0.01150271	-2.514234 	17
M0448	0.08863385	-1.46385 	10
M0349	0.18588	-0.9160322 	19
M0177	0.005686242	-2.818657 	19
M0402	0.7039517	0.5613051 	8
M0627	0.0601906	-1.715555 	10
M0729	0.09662092	-1.378381 	13
M1214	0.2372916	-0.7381995 	13
M0833	0.3962889	-0.2719087 	9
M1062	0.0956162	-1.413212 	10
M1287	0.01091027	-2.439861 	27
M0234	0.3567221	-0.3709806 	29
M1417	0.1278905	-1.22398 	9
M1212	0.01809692	-2.513133 	9
M0701	0.1247149	-1.188111 	20
M0522	0.02097075	-2.210999 	17
M0818	0.4830322	-0.04326073 	16
M0972	0.2674324	-0.6525761 	8
M0334	0.3724094	-0.3386304 	8
M1087	0.538562	0.09834992 	17
M0712	0.3802677	-0.316936 	8
M0793	0.3880225	-0.2956909 	8
M1378	0.8192137	0.9676198 	9
M1289	0.6858224	0.5010584 	10
M0625	0.0007850526	-4.296483 	11
M1125	0.03239935	-2.359407 	6
M0378	0.5153529	0.03989074 	8
M0876	0.01232317	-2.851192 	8
M1084	0.5381287	0.09922343 	8
M1170	0.3377777	-0.4325013 	10
M0710	0.2229924	-0.7969666 	10
M0136	0.2369916	-0.7373933 	14
M0440	0.3308367	-0.4509107 	11
M1014	0.1733291	-0.999858 	9
M1277	0.01559134	-2.799544 	7
M0510	0.03196206	-2.19795 	8
M0281	0.5298709	0.076676 	12
M1211	0.8596507	1.156872 	9
M0755	0.5221577	0.05608806 	28
M0337	0.2520795	-0.6993447 	9
M0894	0.5099341	0.02553339 	11
M1411	0.7573245	0.7276069 	10
M0428	0.0944839	-1.37209 	17
M0918	0.2714593	-0.6393904 	8
M0146	0.5735722	0.1915653 	9
M1152	0.4788525	-0.05370263 	21
M0437	0.4638611	-0.09281131 	12
M0453	0.9673576	2.13498 	9
M0421	0.08546523	-1.42618 	19
M0208	0.9662618	2.161319 	8
M0611	0.464248	-0.0914926 	14
M0500	0.4721918	-0.07198158 	9
M0054	0.1390866	-1.146773 	11
M0099	0.9712615	2.270006 	8
M0133	0.01548101	-2.613489 	9
M1338	0.0254056	-2.295694 	9
M0077	0.5674236	0.1753614 	9
M0758	0.3473254	-0.4040932 	11
M0979	0.4899162	-0.02607981 	9
M0684	0.02042293	-2.502445 	8
M0561	0.01425199	-2.75 	8
M0223	0.0004515065	-5.123746 	9
M1410	0.1717501	-0.9681358 	23
M0168	0.046487	-1.878869 	10
M1096	0.1829437	-0.9667216 	8
M0225	0.001958822	-3.635666 	12
M0901	0.5999415	0.2607988 	10
M0736	0.9490887	1.847782 	9
M0913	0.0417234	-1.946407 	10
M0887	0.182464	-0.9228086 	26
M1325	0.154592	-1.085836 	9
M1263	0.0203855	-2.503699 	8
M0379	9.165395e-08	-16.50426 	9
M1230	0.99951	5.426843 	8
M0702	0.5670622	0.1737913 	10
M0335	0.008616667	-2.656662 	17
M0316	0.9480559	1.809068 	10
M1232	0.2991656	-0.5516773 	8
M1039	0.02752183	-2.171357 	11
M0463	0.2190472	-0.8113504 	10
M0119	0.9664569	1.895523 	33
M1032	0.07249995	-1.640059 	8
M0007	0.04897294	-1.958151 	7
M1256	0.6721995	0.4631422 	9
M1185	0.4866932	-0.03506291 	6
M1065	0.3541334	-0.3805275 	18
M0047	0.8617622	1.221118 	6
M0555	0.1470946	-1.10152 	12
M1048	8.521714e-06	-7.667554 	11
M0441	0.1227819	-1.216111 	14
M0269	0.008718366	-2.794783 	12
M0203	0.2304927	-0.8433072 	4
M0798	0.2709283	-0.6371019 	9
M1303	0.740412	0.6786209 	8
M1066	0.2556631	-0.6810096 	11
M0789	0.004231589	-2.840466 	28
M0811	0.04723415	-1.896551 	9
M0311	0.7756219	0.7964535 	9
M1268	1.2351e-05	-5.31421 	23
M0308	0.6071561	0.2812071 	9
M0002	0.08502022	-1.478603 	11
M0512	0.1881667	-0.9306287 	10
M0306	0.05772395	-1.742219 	10
M0326	1	1	10
M0449	3.57476e-06	-9.197015 	10
M0124	0.006284822	-3.10749 	10
M0603	9.8918e-05	-6.019017 	10
M1163	0.09112635	-1.46061 	9
M0920	0.2200692	-0.826508 	7
M1219	0.3623087	-0.3649372 	9
M0174	0.02359338	-2.13961 	18
M0076	0.9694905	2.229465 	8
M0418	0.2713752	-0.6325684 	10
M1180	0.8725887	1.191326 	14
M0683	0.4268515	-0.1884111 	13
M0400	0.3989854	-0.2646487 	9
M0932	0.0326934	-2.133977 	9
M1348	0.3459054	-0.4094104 	10
M0575	0.9108113	1.475265 	9
M0039	0.2215237	-0.8209787 	7
M0166	0.6842864	0.4948062 	11
M1239	0.09563039	-1.57107 	5
M0097	0.01790402	-2.695114 	7
M1088	0.837502	1.058464 	8
M0524	0.2732963	-0.6294706 	9
M1349	0.2447844	-0.735866 	7
M0134	0.0002199475	-4.345357 	18
M0025	0.05556017	-1.732338 	12
M0928	0.0009531703	-4.826861 	8
M0129	0.0714052	-1.625029 	9
M0113	0.5379723	0.1014765 	5
M0721	0.006549789	-3.301172 	8
M1420	1	1	8
M0491	0.8788252	1.276933 	8
M0138	0.01655932	-2.469757 	11
M1389	0.9014885	1.393148 	10
M0534	0.587539	0.2244673 	19
M1283	0.8063454	0.9142526 	9
M1419	0.08399473	-1.681346 	5
M0689	0.02030497	-2.439282 	9
M0369	0.3658375	-0.3551272 	9
M0443	0.02494248	-2.30748 	9
M0676	0.8503436	1.101381 	10
M0952	0.1549794	-1.108832 	7
M1279	0.05309217	-1.795258 	10
M0255	0.7142906	0.5851421 	11
M1260	0.04938966	-1.819985 	11
M0573	0.08369077	-1.540312 	8
M0904	0.01605298	-2.532452 	10
M0766	0.889828	1.307379 	11
M1235	0.8616235	1.150381 	11
M1337	0.03718104	-2.095514 	8
M0069	0.2864539	-0.5783554 	14
M0040	0.8173719	0.9484522 	11
M0205	0.7329804	0.6595256 	7
M0322	0.5976222	0.2606516 	6
M0568	0.4504449	-0.1299016 	7
M0150	0.9016375	1.383128 	11
M1098	0.002028824	-3.707553 	11
M0471	0.4563764	-0.1130806 	9
M1308	0.9448996	1.691098 	17
M0221	0.09570892	-1.510044 	6
M1392	0.7973943	0.8856297 	8
M0622	0.06756654	-1.625425 	11
M0320	0.4927963	-0.0187125 	8
M0294	0.002292392	-4.097961 	8
M1367	0.1513339	-1.081374 	12
M0196	0.8102429	0.915594 	12
M0084	0.994778	2.925328 	16
M0778	0.1462627	-1.1111 	11
M1258	0.5451778	0.1176568 	8
M0630	0.7048511	0.556206 	11
M1384	0.318516	-0.4882731 	10
M0850	1	1	10
M0937	0.9998473	4.515533 	18
M0885	0.07699135	-1.488299 	19
M0127	0.6850135	0.4911732 	17
M0022	0.6139548	0.2985112 	10
M1244	0.7385258	0.6723139 	8
M0841	0.000261733	-5.256059 	10
M1382	0.0431596	-1.99448 	8
M0598	0.0356271	-2.044418 	10
M0015	0.02643094	-2.270346 	9
M1117	0.3191454	-0.4912284 	8
M0464	0.9011238	1.343826 	17
M0021	0.5871646	0.2275939 	9
M0296	0.3052513	-0.5299989 	9
M0732	0.9613146	2.06865 	8
M1107	0.08008641	-1.530819 	10
M0748	3.557203e-05	-6.894003 	10
M0350	0.07607375	-1.503672 	17
M0190	0.7277626	0.6273697 	11
M0941	0.685665	0.5027732 	9
M1292	0.5611419	0.1559515 	20
M1327	0.02150678	-2.402426 	9
M0726	0.04551964	-1.763842 	24
M1370	0.08052684	-1.544471 	9
M0346	0.9981512	3.885958 	10
M0171	0.1000656	-1.396363 	9
M0051	0.3819903	-0.3106849 	9
M1388	0.4041434	-0.2462344 	19
M1053	0.7413812	0.6818729 	8
M1291	0.4243453	-0.1970659 	9
M0590	0.8065009	0.9090928 	10
M0109	0.02120691	-2.411424 	9
M0538	0.2869328	-0.6115832 	5
M1080	0.4232808	-0.1998801 	9
M0347	0.9999918	9.155267 	9
M0251	0.03219146	-1.963583 	20
M0073	0.2917249	-0.5687308 	10
M0896	0.1132963	-1.297912 	10
M0650	0.2912443	-0.5808455 	7
M0915	0.7243951	0.604116 	26
M0185	0.103843	-1.446467 	6
M0917	0.1125567	-1.383435 	6
M0075	0.008713665	-3.251783 	7
M0697	0.8649794	1.156349 	13
M1286	1	1	13
M0544	0.8416098	1.067776 	9
M1252	0.9265887	1.631418 	8
M0628	0.9457376	1.884177 	7
M0122	0.0002917498	-5.926815 	8
M0202	0.9141451	1.501159 	9
M0386	0.7114801	0.5894899 	7
M0481	0.2530587	-0.7158434 	6
M0891	0.5088987	0.02260318 	20
M0407	0.07330959	-1.632377 	8
M1166	0.01175799	-3.016066 	7
M0253	0.2719535	-0.6431521 	7
M1020	0.7420179	0.6761148 	10
M1074	0.007124703	-3.029882 	10
M0055	0.6854926	0.5022604 	9
M0057	0.7462937	0.6903035 	10
M1134	0.4011037	-0.2580031 	10
M0668	0.6141424	0.3104602 	5
M0699	0.8647432	1.166407 	11
M0787	0.5493652	0.1276018 	10
M0461	9.9555e-05	-5.455711 	12
M1161	0.01475771	-2.644306 	9
M0433	0.9632795	1.999567 	11
M0576	0.1711687	-1.018514 	8
M0072	0.25894	-0.6702446 	11
M0140	0.03403181	-2.155451 	8
M1346	0.8959938	1.356421 	10
M0594	0.2811533	-0.6044252 	9
M0204	0.8307079	1.017752 	9
M0132	0.9374206	1.741369 	8
M1342	0.3834519	-0.30554 	10
M0678	0.2704444	-0.6386664 	9
M0429	0.521488	0.0551293 	12
M0716	0.739722	0.703465 	5
M1275	0.01399192	-2.498665 	13
M0226	0.0005716605	-4.685486 	10
M0819	0.3875069	-0.3057964 	5
M0258	0.05160385	-1.793085 	11
M0558	0.5615052	0.1615146 	7
M0705	0.2963754	-0.5524831 	11
M1013	0.8142025	0.981111 	6
M0143	0.2278345	-0.9176629 	3
M0945	0.1632774	-1.037541 	10
M0525	0.8312274	1.020078 	9
M1215	0.0002395625	-6.12505 	8
M1006	0.1546579	-1.096077 	8
M0415	1.892484e-06	-9.932714 	10
M0042	0.01931694	-2.47127 	9
M0936	0.8075943	0.9088471 	11
M1093	0.09633267	-1.441415 	8
M1124	0.2970343	-0.5688309 	6
M1113	0.8610002	1.154574 	10
M0201	0.009245518	-2.869524 	10
M0747	0.5561546	0.1431349 	20
M1192	0.01481676	-2.581297 	10
M1136	0.4319966	-0.1768873 	9
M0889	0.4825991	-0.04521569 	8
M1335	0.8274968	0.9866783 	12
M0283	0.151319	-1.148725 	6
M0442	0.5	0 	8
M0772	0.002954907	-4.165236 	7
M1318	0.3088635	-0.5260422 	7
M1108	0.1925368	-0.9514394 	6
M0034	0.001968645	-4.21986 	8
M1126	0.03766677	-1.984287 	11
M1068	0.9984844	3.885615 	11
M1314	0.8889234	1.323773 	9
M1257	0.6514174	0.4055747 	8
M0509	0.2345865	-0.7556507 	10
M1316	0.969985	2.150068 	10
M0451	0.01100428	-2.708013 	11
M0197	0.0009329999	-5.279566 	7
M0245	0.6587698	0.4212827 	11
M0508	0.1213283	-1.295803 	7
M1309	0.4274937	-0.189621 	8
M0956	0.1473223	-1.132694 	8
M0756	0.1411474	-1.152742 	9
M0667	0.06911298	-1.673091 	8
M0325	1	1	8
M1278	0.3556024	-0.3920067 	6
M0895	0.05286165	-1.856694 	8
M1237	0.8955828	1.384145 	8
M1092	0.0518565	-1.869769 	8
M0192	0.5	0 	9
M0964	0.1505863	-1.186239 	5
M0515	0.3478694	-0.4054991 	9
M0511	0.08371988	-1.518216 	9
M1064	0.4808592	-0.0492134 	11
M0358	0.9877267	2.854024 	8
M0825	0.3345319	-0.4417926 	10
M1141	0.2901793	-0.5761471 	9
M0666	0.3187826	-0.4874905 	10
M1233	0.008270006	-3.020773 	9
M0027	0.008207785	-3.025736 	9
M0855	0.7722674	0.7842861 	9
M0184	0.8619184	1.197795 	7
M0517	0.02649412	-2.325186 	8
M0081	0.9947314	3.320189 	9
M0879	0.9001879	1.41626 	8
M0380	0.9613515	2.364331 	5
M1104	0.4582779	-0.1092639 	7
M0101	0.008558218	-2.998282 	9
M0828	0.1656065	-1.034376 	9
M1025	0.970405	2.96743 	4
M0745	0.7468216	0.7290643 	5
M0761	0.4463961	-0.1417762 	6
M0807	0.03444221	-3.610389 	3
